agera,google,google/agera,2015/12/17 13:22,https://github.com/google/agera,675,7347,      124 Closed,,
Android_Data,Freelander,Freelander/Android_Data,2015/4/4 1:37,https://github.com/Freelander/Android_Data,2063,8183,      10 Closed,,
Android_Data,Freelander,Freelander/Android_Data,2015/4/4 1:37,https://github.com/Freelander/Android_Data,2063,8183,      10 Closed,,
Android_Data,Freelander,Freelander/Android_Data,2015/4/4 1:37,https://github.com/Freelander/Android_Data,2063,8183,      10 Closed,,
android-async-http,android-async-http,android-async-http/android-async-http,2011/2/20 3:25,https://github.com/android-async-http/android-async-http,4266,10542,      273 Closed,,
Android-CleanArchitecture,android10,android10/Android-CleanArchitecture,2014/8/19 14:09,https://github.com/android10/Android-CleanArchitecture,3212,14143,      36 Closed,,
android-gif-drawable,koral--,koral--/android-gif-drawable,2013/1/30 1:37,https://github.com/koral--/android-gif-drawable,1648,8109,      120 Closed,,
android-gif-drawable,koral--,koral--/android-gif-drawable,2013/1/30 1:37,https://github.com/koral--/android-gif-drawable,1648,8109,      120 Closed,,
Android-ObservableScrollView,ksoichiro,ksoichiro/Android-ObservableScrollView,2014/11/8 14:45,https://github.com/ksoichiro/Android-ObservableScrollView,2115,9532,      21 Closed,,
Android-PickerView,Bigkoo,Bigkoo/Android-PickerView,2014/12/28 1:46,https://github.com/Bigkoo/Android-PickerView,2885,11353,      56 Closed,,
Android-PullToRefresh,chrisbanes,chrisbanes/Android-PullToRefresh,2011/11/29 9:59,https://github.com/chrisbanes/Android-PullToRefresh,4973,8827,      63 Closed,,
Android-PullToRefresh,chrisbanes,chrisbanes/Android-PullToRefresh,2011/11/29 9:59,https://github.com/chrisbanes/Android-PullToRefresh,4973,8827,      63 Closed,,
Android-Universal-Image-Loader,nostra13,nostra13/Android-Universal-Image-Loader,2011/11/27 18:48,https://github.com/nostra13/Android-Universal-Image-Loader,6321,16675,      133 Closed,Å[,
Android-Universal-Image-Loader,nostra13,nostra13/Android-Universal-Image-Loader,2011/11/27 18:48,https://github.com/nostra13/Android-Universal-Image-Loader,6321,16675,      133 Closed,Å[,
androidannotations,androidannotations,androidannotations/androidannotations,2012/1/6 8:48,https://github.com/androidannotations/androidannotations,2452,10987,      623 Closed,,
AndroidAutoSize,JessYanCoding,JessYanCoding/AndroidAutoSize,2018/8/17 9:04,https://github.com/JessYanCoding/AndroidAutoSize,1317,9266,      6 Closed,,
AndroidNote,GcsSloop,GcsSloop/AndroidNote,2016/1/4 23:51,https://github.com/GcsSloop/AndroidNote,1890,7657,      13 Closed,,
AndroidSwipeLayout,daimajia,daimajia/AndroidSwipeLayout,2014/8/25 4:09,https://github.com/daimajia/AndroidSwipeLayout,2691,11683,      38 Closed,,
AndroidViewAnimations,daimajia,daimajia/AndroidViewAnimations,2014/6/23 3:53,https://github.com/daimajia/AndroidViewAnimations,2324,11198,      25 Closed,,
antlr4,antlr,antlr/antlr4,2010/2/4 1:36,https://github.com/antlr/antlr4,1818,7289,1192 Closed,,Å~
apollo,ctripcorp,ctripcorp/apollo,2016/3/4 10:24,https://github.com/ctripcorp/apollo,7097,19672,1030 Closed,Å{,Å~
ARouter,alibaba,alibaba/ARouter,2016/12/14 1:27,https://github.com/alibaba/ARouter,1965,11474,      112 Closed,,
arthas,alibaba,alibaba/arthas,2018/8/29 17:15,https://github.com/alibaba/arthas,4184,19579,      241 Closed,Å{,
arthas,alibaba,alibaba/arthas,2018/8/29 17:15,https://github.com/alibaba/arthas,4184,19579,      241 Closed,Å{,
atlas,alibaba,alibaba/atlas,2017/2/28 6:31,https://github.com/alibaba/atlas,1416,7524,      52 Closed,,
auto,google,google/auto,2013/5/22 21:41,https://github.com/google/auto,980,8483,      411 Closed,,
auto,google,google/auto,2013/5/22 21:41,https://github.com/google/auto,980,8483,      411 Closed,,
AVLoadingIndicatorView,81813780,81813780/AVLoadingIndicatorView,2015/10/24 20:18,https://github.com/81813780/AVLoadingIndicatorView,1790,9133,      16 Closed,,
banner,youth5201314,youth5201314/banner,2016/4/22 5:50,https://github.com/youth5201314/banner,1902,9407,      16 Closed,,
BaseRecyclerViewAdapterHelper,CymChad,CymChad/BaseRecyclerViewAdapterHelper,2016/4/10 7:40,https://github.com/CymChad/BaseRecyclerViewAdapterHelper,4077,19370,      257 Closed,Å[,
bazel,bazelbuild,bazelbuild/bazel,2014/6/12 16:00,https://github.com/bazelbuild/bazel,2407,14239,2896 Closed,Å[,
BottomBar,roughike,roughike/BottomBar,2016/3/16 1:31,https://github.com/roughike/BottomBar,1576,8358,      108 Closed,,
butterknife,JakeWharton,JakeWharton/butterknife,2013/3/5 8:18,https://github.com/JakeWharton/butterknife,4719,25101,      459 Closed,Å[,
bytecode-viewer,Konloch,Konloch/bytecode-viewer,2014/10/14 10:26,https://github.com/Konloch/bytecode-viewer,748,10960,      54 Closed,,
Calligraphy,chrisjenx,chrisjenx/Calligraphy,2013/12/20 2:35,https://github.com/chrisjenx/Calligraphy,1087,8504,      87 Closed,,
Calligraphy,chrisjenx,chrisjenx/Calligraphy,2013/12/20 2:35,https://github.com/chrisjenx/Calligraphy,1087,8504,      87 Closed,,
Calligraphy,chrisjenx,chrisjenx/Calligraphy,2013/12/20 2:35,https://github.com/chrisjenx/Calligraphy,1087,8504,      87 Closed,,
cheesesquare,chrisbanes,chrisbanes/cheesesquare,2015/5/28 22:54,https://github.com/chrisbanes/cheesesquare,1892,7777,      21 Closed,,
cheesesquare,chrisbanes,chrisbanes/cheesesquare,2015/5/28 22:54,https://github.com/chrisbanes/cheesesquare,1892,7777,      21 Closed,,
clojure,clojure,clojure/clojure,2010/6/29 20:03,https://github.com/clojure/clojure,1291,8242,      77 Closed,,
clojure,clojure,clojure/clojure,2010/6/29 20:03,https://github.com/clojure/clojure,1291,8242,      77 Closed,,
clojure,clojure,clojure/clojure,2010/6/29 20:03,https://github.com/clojure/clojure,1291,8242,      77 Closed,,
DanmakuFlameMaster,bilibili,bilibili/DanmakuFlameMaster,2013/8/11 12:18,https://github.com/bilibili/DanmakuFlameMaster,1982,8354,      57 Closed,,
DanmakuFlameMaster,bilibili,bilibili/DanmakuFlameMaster,2013/8/11 12:18,https://github.com/bilibili/DanmakuFlameMaster,1982,8354,      57 Closed,,
DanmakuFlameMaster,bilibili,bilibili/DanmakuFlameMaster,2013/8/11 12:18,https://github.com/bilibili/DanmakuFlameMaster,1982,8354,      57 Closed,,
dbeaver,dbeaver,dbeaver/dbeaver,2015/10/21 8:26,https://github.com/dbeaver/dbeaver,1084,12335,      658 Closed,,Å~
deeplearning4j,eclipse,eclipse/deeplearning4j,2013/11/27 2:03,https://github.com/eclipse/deeplearning4j,4807,11515,3624 Closed,Å{,Å~
disruptor,LMAX-Exchange,LMAX-Exchange/disruptor,2012/9/21 13:42,https://github.com/LMAX-Exchange/disruptor,3002,11985,      75 Closed,,
DoraemonKit,didi,didi/DoraemonKit,2018/8/14 10:32,https://github.com/didi/DoraemonKit,1743,13206,      134 Closed,,
dropwizard,dropwizard,dropwizard/dropwizard,2011/1/19 19:52,https://github.com/dropwizard/dropwizard,3155,7565,1922 Closed,,
druid,alibaba,alibaba/druid,2011/11/3 5:12,https://github.com/alibaba/druid,6885,20374,      953 Closed,Å{,Å~
druid,apache,apache/druid,2012/10/23 19:08,https://github.com/apache/druid,2402,9240,6061 Closed,Å{,Å~
dubbo,apache,apache/dubbo,2012/6/19 7:56,https://github.com/apache/dubbo,20456,31215,2462 Closed,Å{,Å~
easypermissions,googlesamples,googlesamples/easypermissions,2015/12/22 18:05,https://github.com/googlesamples/easypermissions,1288,8239,      106 Closed,,
easypermissions,googlesamples,googlesamples/easypermissions,2015/12/22 18:05,https://github.com/googlesamples/easypermissions,1288,8239,      106 Closed,,
easypermissions,googlesamples,googlesamples/easypermissions,2015/12/22 18:05,https://github.com/googlesamples/easypermissions,1288,8239,      106 Closed,,
elasticsearch,elastic,elastic/elasticsearch,2010/2/8 13:20,https://github.com/elastic/elasticsearch,16076,47287,29804 Closed,Å[,
elasticsearch-analysis-ik,medcl,medcl/elasticsearch-analysis-ik,2011/12/16 9:01,https://github.com/medcl/elasticsearch-analysis-ik,2139,8943,      78 Closed,,
eureka,Netflix,Netflix/eureka,2012/7/26 22:23,https://github.com/Netflix/eureka,2540,9019,      738 Closed,,
ExoPlayer,google,google/ExoPlayer,2014/6/13 21:19,https://github.com/google/ExoPlayer,4513,15008,      816 Closed,Å[,
ExoPlayer,google,google/ExoPlayer,2014/6/13 21:19,https://github.com/google/ExoPlayer,4513,15008,      816 Closed,Å[,
fastjson,alibaba,alibaba/fastjson,2011/11/3 6:58,https://github.com/alibaba/fastjson,5598,20708,      460 Closed,Å{,
FileDownloader,lingochamp,lingochamp/FileDownloader,2015/12/22 11:17,https://github.com/lingochamp/FileDownloader,1909,9318,      58 Closed,,
flink,apache,apache/flink,2014/6/7 7:00,https://github.com/apache/flink,6533,12214,10809 Closed,Å{,Å~
fresco,facebook,facebook/fresco,2015/3/2 9:58,https://github.com/facebook/fresco,3707,16065,      353 Closed,Å[,
fullstack-tutorial,frank-lam,frank-lam/fullstack-tutorial,2018/4/13 1:50,https://github.com/frank-lam/fullstack-tutorial,1766,7883,      24 Closed,,
fullstack-tutorial,frank-lam,frank-lam/fullstack-tutorial,2018/4/13 1:50,https://github.com/frank-lam/fullstack-tutorial,1766,7883,      24 Closed,,
ghidra,NationalSecurityAgency,NationalSecurityAgency/ghidra,2019/3/1 3:27,https://github.com/NationalSecurityAgency/ghidra,2574,19791,      228 Closed,Å[,
ghidra,NationalSecurityAgency,NationalSecurityAgency/ghidra,2019/3/1 3:27,https://github.com/NationalSecurityAgency/ghidra,2574,19791,      228 Closed,Å[,
glide,bumptech,bumptech/glide,2013/7/8 22:52,https://github.com/bumptech/glide,5197,28414,      460 Closed,Å[,
glide-transformations,wasabeef,wasabeef/glide-transformations,2015/1/9 10:33,https://github.com/wasabeef/glide-transformations,1295,8521,      36 Closed,,
glide-transformations,wasabeef,wasabeef/glide-transformations,2015/1/9 10:33,https://github.com/wasabeef/glide-transformations,1295,8521,      36 Closed,,
graal,oracle,oracle/graal,2016/1/14 17:11,https://github.com/oracle/graal,807,11930,      542 Closed,Å[,
greenDAO,greenrobot,greenrobot/greenDAO,2011/10/22 16:15,https://github.com/greenrobot/greenDAO,2814,11940,      77 Closed,,
gson,google,google/gson,2015/3/19 18:21,https://github.com/google/gson,3428,17390,      310 Closed,Å{,
gson,google,google/gson,2015/3/19 18:21,https://github.com/google/gson,3428,17390,      310 Closed,Å{,èâä˙Pomñ≥Çµ
GSYVideoPlayer,CarGuo,CarGuo/GSYVideoPlayer,2016/11/13 12:34,https://github.com/CarGuo/GSYVideoPlayer,2995,13399,      21 Closed,,
halo,halo-dev,halo-dev/halo,2018/3/21 12:56,https://github.com/halo-dev/halo,4262,13385,      156 Closed,,
HomeMirror,HannahMitt,HannahMitt/HomeMirror,2015/8/23 3:20,https://github.com/HannahMitt/HomeMirror,708,7897,      15 Closed,,
HomeMirror,HannahMitt,HannahMitt/HomeMirror,2015/8/23 3:20,https://github.com/HannahMitt/HomeMirror,708,7897,      15 Closed,,
HomeMirror,HannahMitt,HannahMitt/HomeMirror,2015/8/23 3:20,https://github.com/HannahMitt/HomeMirror,708,7897,      15 Closed,,
Hystrix,Netflix,Netflix/Hystrix,2012/11/19 20:14,https://github.com/Netflix/Hystrix,3962,19177,      746 Closed,Å[,
ImmersionBar,gyf-dev,gyf-dev/ImmersionBar,2017/4/19 5:10,https://github.com/gyf-dev/ImmersionBar,1345,7805,      4 Closed,,
ImmersionBar,gyf-dev,gyf-dev/ImmersionBar,2017/4/19 5:10,https://github.com/gyf-dev/ImmersionBar,1345,7805,      4 Closed,,
interview,mission-peace,mission-peace/interview,2014/7/20 21:27,https://github.com/mission-peace/interview,4015,7990,      113 Closed,,
interview,mission-peace,mission-peace/interview,2014/7/20 21:27,https://github.com/mission-peace/interview,4015,7990,      113 Closed,,
interview,mission-peace,mission-peace/interview,2014/7/20 21:27,https://github.com/mission-peace/interview,4015,7990,      113 Closed,,
interviews,kdn251,kdn251/interviews,2017/2/14 18:19,https://github.com/kdn251/interviews,8925,42359,      71 Closed,Å[,
ip2region,lionsoul2014,lionsoul2014/ip2region,2015/11/2 0:43,https://github.com/lionsoul2014/ip2region,1340,7497,      38 Closed,,
Java,TheAlgorithms,TheAlgorithms/Java,2016/7/16 10:21,https://github.com/TheAlgorithms/Java,8053,21913,      748 Closed,Å[,
JavaGuide,Snailclimb,Snailclimb/JavaGuide,2018/5/7 13:27,https://github.com/Snailclimb/JavaGuide,24070,70190,      360 Closed,Å[,
javapoet,square,square/javapoet,2013/2/1 16:56,https://github.com/square/javapoet,993,7797,      420 Closed,,
javapoet,square,square/javapoet,2013/2/1 16:56,https://github.com/square/javapoet,993,7797,      420 Closed,,
jd-gui,java-decompiler,java-decompiler/jd-gui,2015/3/25 5:28,https://github.com/java-decompiler/jd-gui,1595,8070,      29 Closed,,
jd-gui,java-decompiler,java-decompiler/jd-gui,2015/3/25 5:28,https://github.com/java-decompiler/jd-gui,1595,8070,      29 Closed,,
jedis,xetorthio,xetorthio/jedis,2010/6/11 13:04,https://github.com/xetorthio/jedis,3268,8924,      828 Closed,,
jenkins,jenkinsci,jenkinsci/jenkins,2010/11/22 21:21,https://github.com/jenkinsci/jenkins,6088,15012,4454 Closed,Å{,Å~
jenkins,jenkinsci,jenkinsci/jenkins,2010/11/22 21:21,https://github.com/jenkinsci/jenkins,6088,15012,4454 Closed,Å{,Å~
jib,GoogleContainerTools,GoogleContainerTools/jib,2018/1/22 18:30,https://github.com/GoogleContainerTools/jib,796,8568,1318 Closed,,
jib,GoogleContainerTools,GoogleContainerTools/jib,2018/1/22 18:30,https://github.com/GoogleContainerTools/jib,796,8568,1318 Closed,,
JsBridge,lzyzsd,lzyzsd/JsBridge,2015/2/26 12:10,https://github.com/lzyzsd/JsBridge,1563,7516,      23 Closed,,
jsoup,jhy,jhy/jsoup,2009/12/19 1:29,https://github.com/jhy/jsoup,1749,7706,      245 Closed,,
jsoup,jhy,jhy/jsoup,2009/12/19 1:29,https://github.com/jhy/jsoup,1749,7706,      245 Closed,,
junit4,junit-team,junit-team/junit4,2009/1/13 3:41,https://github.com/junit-team/junit4,2952,7792,      847 Closed,,
junit4,junit-team,junit-team/junit4,2009/1/13 3:41,https://github.com/junit-team/junit4,2952,7792,      847 Closed,,
JustAuth,justauth,justauth/JustAuth,2019/1/31 9:42,https://github.com/justauth/JustAuth,1259,7347,      40 Closed,,
kafka,apache,apache/kafka,2011/8/15 18:06,https://github.com/apache/kafka,7963,15033,7483 Closed,Å[,
kafka,apache,apache/kafka,2011/8/15 18:06,https://github.com/apache/kafka,7963,15033,7483 Closed,Å[,
LeetCodeAnimation,MisterBooo,MisterBooo/LeetCodeAnimation,2018/12/6 8:01,https://github.com/MisterBooo/LeetCodeAnimation,9124,50415,      10 Closed,Å[,
libgdx,libgdx,libgdx/libgdx,2012/8/10 19:34,https://github.com/libgdx/libgdx,5957,16522,2758 Closed,Å[,
libgdx,libgdx,libgdx/libgdx,2012/8/10 19:34,https://github.com/libgdx/libgdx,5957,16522,2758 Closed,Å[,
litemall,linlinjava,linlinjava/litemall,2018/3/22 16:42,https://github.com/linlinjava/litemall,4542,11406,      103 Closed,,
logger,orhanobut,orhanobut/logger,2015/3/20 22:30,https://github.com/orhanobut/logger,1928,12060,      49 Closed,,
lottie-android,airbnb,airbnb/lottie-android,2016/10/6 22:42,https://github.com/airbnb/lottie-android,4500,28213,      413 Closed,Å[,
MagicIndicator,hackware1993,hackware1993/MagicIndicator,2016/6/26 8:20,https://github.com/hackware1993/MagicIndicator,1237,7386,      4 Closed,,
mall,macrozheng,macrozheng/mall,2018/4/4 1:11,https://github.com/macrozheng/mall,12700,30453,      42 Closed,,
Material-Animations,lgvalle,lgvalle/Material-Animations,2015/3/8 20:54,https://github.com/lgvalle/Material-Animations,2560,13201,      18 Closed,,
material-theme-jetbrains,ChrisRM,ChrisRM/material-theme-jetbrains,2015/9/23 7:15,https://github.com/ChrisRM/material-theme-jetbrains,451,7515,      94 Closed,,
MaterialDesignLibrary,navasmdc,navasmdc/MaterialDesignLibrary,2014/9/30 7:37,https://github.com/navasmdc/MaterialDesignLibrary,2381,9121,      43 Closed,,
MaterialViewPager,florent37,florent37/MaterialViewPager,2015/4/24 17:53,https://github.com/florent37/MaterialViewPager,1538,8129,      32 Closed,,
MaterialViewPager,florent37,florent37/MaterialViewPager,2015/4/24 17:53,https://github.com/florent37/MaterialViewPager,1538,8129,      32 Closed,,
MaterialViewPager,florent37,florent37/MaterialViewPager,2015/4/24 17:53,https://github.com/florent37/MaterialViewPager,1538,8129,      32 Closed,,
Matisse,zhihu,zhihu/Matisse,2017/4/13 1:31,https://github.com/zhihu/Matisse,1669,10795,      103 Closed,,
miaosha,qiurunze123,qiurunze123/miaosha,2018/9/14 4:36,https://github.com/qiurunze123/miaosha,3214,13889,      16 Closed,,
mit-deep-learning-book-pdf,janishar,janishar/mit-deep-learning-book-pdf,2017/4/7 10:46,https://github.com/janishar/mit-deep-learning-book-pdf,1878,7705,      5 Closed,,
mit-deep-learning-book-pdf,janishar,janishar/mit-deep-learning-book-pdf,2017/4/7 10:46,https://github.com/janishar/mit-deep-learning-book-pdf,1878,7705,      5 Closed,,
MPAndroidChart,PhilJay,PhilJay/MPAndroidChart,2014/4/25 14:29,https://github.com/PhilJay/MPAndroidChart,7720,29956,      345 Closed,Å[,
MVPArms,JessYanCoding,JessYanCoding/MVPArms,2016/8/6 8:49,https://github.com/JessYanCoding/MVPArms,2245,9256,      69 Closed,,
Mybatis-PageHelper,pagehelper,pagehelper/Mybatis-PageHelper,2014/6/9 15:32,https://github.com/pagehelper/Mybatis-PageHelper,2544,8799,      25 Closed,,
Mybatis-PageHelper,pagehelper,pagehelper/Mybatis-PageHelper,2014/6/9 15:32,https://github.com/pagehelper/Mybatis-PageHelper,2544,8799,      25 Closed,,
Mybatis-PageHelper,pagehelper,pagehelper/Mybatis-PageHelper,2014/6/9 15:32,https://github.com/pagehelper/Mybatis-PageHelper,2544,8799,      25 Closed,,
mybatis-plus,baomidou,baomidou/mybatis-plus,2016/8/18 10:06,https://github.com/baomidou/mybatis-plus,2177,7898,      172 Closed,,
mybatis-plus,baomidou,baomidou/mybatis-plus,2016/8/18 10:06,https://github.com/baomidou/mybatis-plus,2177,7898,      172 Closed,,
mybatis-plus,baomidou,baomidou/mybatis-plus,2016/8/18 10:06,https://github.com/baomidou/mybatis-plus,2177,7898,      172 Closed,,
Mycat-Server,MyCATApache,MyCATApache/Mycat-Server,2014/12/4 2:46,https://github.com/MyCATApache/Mycat-Server,3598,7682,1129 Closed,,
nacos,alibaba,alibaba/nacos,2018/6/15 6:49,https://github.com/alibaba/nacos,3033,10635,      613 Closed,,
neo4j,neo4j,neo4j/neo4j,2012/11/12 8:46,https://github.com/neo4j/neo4j,1778,7495,9664 Closed,,
netty,netty,netty/netty,2010/11/9 9:22,https://github.com/netty/netty,10695,22713,5028 Closed,Å{,Å~
NewPipe,TeamNewPipe,TeamNewPipe/NewPipe,2015/9/3 23:39,https://github.com/TeamNewPipe/NewPipe,1171,7804,      625 Closed,,
NewPipe,TeamNewPipe,TeamNewPipe/NewPipe,2015/9/3 23:39,https://github.com/TeamNewPipe/NewPipe,1171,7804,      625 Closed,,
paascloud-master,paascloud,paascloud/paascloud-master,2018/3/17 5:40,https://github.com/paascloud/paascloud-master,3428,7313,      10 Closed,,
PhotoView,chrisbanes,chrisbanes/PhotoView,2012/7/17 16:39,https://github.com/chrisbanes/PhotoView,3673,16463,      130 Closed,Å[,
picasso,square,square/picasso,2013/5/14 15:07,https://github.com/square/picasso,3988,17350,      640 Closed,Å[,
picasso,square,square/picasso,2013/5/14 15:07,https://github.com/square/picasso,3988,17350,      640 Closed,Å[,
PictureSelector,LuckSiege,LuckSiege/PictureSelector,2017/1/4 7:47,https://github.com/LuckSiege/PictureSelector,1641,8117,      9 Closed,,
PictureSelector,LuckSiege,LuckSiege/PictureSelector,2017/1/4 7:47,https://github.com/LuckSiege/PictureSelector,1641,8117,      9 Closed,,
piggymetrics,sqshq,sqshq/piggymetrics,2015/3/29 17:56,https://github.com/sqshq/piggymetrics,4151,8169,      34 Closed,,
piggymetrics,sqshq,sqshq/piggymetrics,2015/3/29 17:56,https://github.com/sqshq/piggymetrics,4151,8169,      34 Closed,,
piggymetrics,sqshq,sqshq/piggymetrics,2015/3/29 17:56,https://github.com/sqshq/piggymetrics,4151,8169,      34 Closed,,
PocketHub,pockethub,pockethub/PocketHub,2011/9/8 16:52,https://github.com/pockethub/PocketHub,3642,9485,      616 Closed,,
presto,prestodb,prestodb/presto,2012/8/9 1:03,https://github.com/prestodb/presto,3518,10248,10038 Closed,,
react-native-camera,react-native-community,react-native-community/react-native-camera,2015/4/1 0:54,https://github.com/react-native-community/react-native-camera,2633,8184,      821 Closed,,
react-native-camera,react-native-community,react-native-community/react-native-camera,2015/4/1 0:54,https://github.com/react-native-community/react-native-camera,2633,8184,      821 Closed,,
react-native-camera,react-native-community,react-native-community/react-native-camera,2015/4/1 0:54,https://github.com/react-native-community/react-native-camera,2633,8184,      821 Closed,,
react-native-navigation,wix,wix/react-native-navigation,2016/3/11 11:22,https://github.com/wix/react-native-navigation,2524,11295,1764 Closed,,
realm-java,realm,realm/realm-java,2012/4/20 9:18,https://github.com/realm/realm-java,1720,10845,2713 Closed,,
redisson,redisson,redisson/redisson,2014/1/11 14:06,https://github.com/redisson/redisson,3002,12205,      276 Closed,,
repo,owner,,date,url,forks,stars,Close,,
retrofit,square,square/retrofit,2010/9/6 21:39,https://github.com/square/retrofit,6452,35032,      955 Closed,Å{,èâä˙Pomñ≥Çµ
RxAndroid,ReactiveX,ReactiveX/RxAndroid,2014/8/19 3:46,https://github.com/ReactiveX/RxAndroid,2914,18800,      223 Closed,Å[,
RxLifecycle,trello,trello/RxLifecycle,2015/7/20 13:32,https://github.com/trello/RxLifecycle,618,7329,      148 Closed,,
seata,seata,seata/seata,2018/12/28 8:37,https://github.com/seata/seata,3704,14399,1081 Closed,Å{,Å~
selenium,SeleniumHQ,SeleniumHQ/selenium,2013/1/14 21:40,https://github.com/SeleniumHQ/selenium,5559,17061,1609 Closed,Å[,
selenium,SeleniumHQ,SeleniumHQ/selenium,2013/1/14 21:40,https://github.com/SeleniumHQ/selenium,5559,17061,1609 Closed,Å[,
Sentinel,alibaba,alibaba/Sentinel,2018/4/4 6:37,https://github.com/alibaba/Sentinel,3377,10917,      374 Closed,,
SimianArmy,Netflix,Netflix/SimianArmy,2012/7/6 22:00,https://github.com/Netflix/SimianArmy,1089,7492,      218 Closed,,
SmarterStreaming,daniulive,daniulive/SmarterStreaming,2016/3/26 14:46,https://github.com/daniulive/SmarterStreaming,2140,8008,      1 Closed,,
SmarterStreaming,daniulive,daniulive/SmarterStreaming,2016/3/26 14:46,https://github.com/daniulive/SmarterStreaming,2140,8008,      1 Closed,,
SmarterStreaming,daniulive,daniulive/SmarterStreaming,2016/3/26 14:46,https://github.com/daniulive/SmarterStreaming,2140,8008,      1 Closed,,
SmartRefreshLayout,scwang90,scwang90/SmartRefreshLayout,2017/6/2 9:52,https://github.com/scwang90/SmartRefreshLayout,4174,20017,      18 Closed,,
spark,perwendel,perwendel/spark,2011/5/5 11:52,https://github.com/perwendel/spark,1497,8657,      428 Closed,,
spark,perwendel,perwendel/spark,2011/5/5 11:52,https://github.com/perwendel/spark,1497,8657,      428 Closed,,
spring-boot,spring-projects,spring-projects/spring-boot,2012/10/19 15:02,https://github.com/spring-projects/spring-boot,28853,45745,3993 Closed,Å[,
spring-boot-admin,codecentric,codecentric/spring-boot-admin,2014/7/25 11:39,https://github.com/codecentric/spring-boot-admin,2368,8389,      226 Closed,,
spring-boot-demo,xkcoding,xkcoding/spring-boot-demo,2017/11/10 6:27,https://github.com/xkcoding/spring-boot-demo,3600,10670,      24 Closed,,
spring-cloud-alibaba,alibaba,alibaba/spring-cloud-alibaba,2017/12/1 20:49,https://github.com/alibaba/spring-cloud-alibaba,3404,11742,      427 Closed,,
spring-framework,spring-projects,spring-projects/spring-framework,2010/12/8 4:04,https://github.com/spring-projects/spring-framework,23619,35502,2508 Closed,Å[,
SpringBoot-Learning,dyc87112,dyc87112/SpringBoot-Learning,2016/8/21 3:39,https://github.com/dyc87112/SpringBoot-Learning,3697,10860,      2 Closed,,
SpringCloudLearning,forezp,forezp/SpringCloudLearning,2017/4/8 10:06,https://github.com/forezp/SpringCloudLearning,6205,12137,      3 Closed,,
StatusBarUtil,laobie,laobie/StatusBarUtil,2016/2/15 3:06,https://github.com/laobie/StatusBarUtil,1579,8104,      8 Closed,,
stetho,facebook,facebook/stetho,2015/1/22 22:34,https://github.com/facebook/stetho,1074,11749,      294 Closed,,
storm,nathanmarz,nathanmarz/storm,2011/9/17 7:55,https://github.com/nathanmarz/storm,1758,9026,      267 Closed,,
Telegram,DrKLO,DrKLO/Telegram,2013/10/25 14:08,https://github.com/DrKLO/Telegram,5099,13494,      257 Closed,,
tink,google,google/tink,2014/6/6 16:21,https://github.com/google/tink,752,9140,      106 Closed,,
tinker,Tencent,Tencent/tinker,2016/9/6 6:57,https://github.com/Tencent/tinker,2982,14764,      104 Closed,,
toBeTopJavaer,hollischuang,hollischuang/toBeTopJavaer,2018/10/25 9:54,https://github.com/hollischuang/toBeTopJavaer,2614,11169,      23 Closed,,
tutorials,eugenp,eugenp/tutorials,2013/4/29 18:26,https://github.com/eugenp/tutorials,30890,19767,8408 Closed,Å{,èâä˙Pomñ≥Çµ
tutorials,eugenp,eugenp/tutorials,2013/4/29 18:26,https://github.com/eugenp/tutorials,30890,19767,8408 Closed,Å{,èâä˙Pomñ≥Çµ
VasSonic,Tencent,Tencent/VasSonic,2017/8/1 8:35,https://github.com/Tencent/VasSonic,1448,10601,      113 Closed,,
vert.x,eclipse-vertx,eclipse-vertx/vert.x,2011/6/17 14:54,https://github.com/eclipse-vertx/vert.x,1664,10811,1496 Closed,,
vhr,lenve,lenve/vhr,2018/1/4 8:57,https://github.com/lenve/vhr,5946,14292,      4 Closed,,
VirtualAPK,didi,didi/VirtualAPK,2017/6/29 7:25,https://github.com/didi/VirtualAPK,1298,7792,      23 Closed,,
webmagic,code4craft,code4craft/webmagic,2013/4/23 12:57,https://github.com/code4craft/webmagic,3719,8786,      103 Closed,,
webmagic,code4craft,code4craft/webmagic,2013/4/23 12:57,https://github.com/code4craft/webmagic,3719,8786,      103 Closed,,
webmagic,code4craft,code4craft/webmagic,2013/4/23 12:57,https://github.com/code4craft/webmagic,3719,8786,      103 Closed,,
zheng,shuzheng,shuzheng/zheng,2016/10/4 10:07,https://github.com/shuzheng/zheng,7213,15031,      76 Closed,,
zheng,shuzheng,shuzheng/zheng,2016/10/4 10:07,https://github.com/shuzheng/zheng,7213,15031,      76 Closed,,
zookeeper,apache,apache/zookeeper,2009/3/27 15:41,https://github.com/apache/zookeeper,4756,7704,1145 Closed,Å{,èâä˙Pomñ≥Çµ
zookeeper,apache,apache/zookeeper,2009/3/27 15:41,https://github.com/apache/zookeeper,4756,7704,1145 Closed,Å~,
zuul,Netflix,Netflix/zuul,2013/3/13 18:53,https://github.com/Netflix/zuul,1757,8933,      293 Closed,,
zxing,zxing,zxing/zxing,2011/10/12 14:07,https://github.com/zxing/zxing,8598,24828,      266 Closed,Å{,èâä˙Pomñ≥Çµ